Page Number,Link
1,#pf11
2,#pf12
3,#pf15
4,#pf16
5,#pf17
6,#pf18
7,#pf1b
8,#pf1c
9,#pf1d
10,#pf1e
11,#pf1f
12,#pf20
13,#pf21
14,#pf22
15,#pf23
16,#pf24
17,#pf25
18,#pf26
19,#pf27
20,#pf28
21,#pf29
22,#pf2a
23,#pf2d
24,#pf2e
25,#pf2f
26,#pf30
27,#pf31
28,#pf32
29,#pf33
30,#pf34
31,#pf35
32,#pf36
33,#pf39
34,#pf3a
35,#pf3b
36,#pf3c
37,#pf3d
38,#pf3e
39,#pf3f
40,#pf40
41,#pf43
42,#pf44
43,#pf45
44,#pf46
45,#pf47
46,#pf48
47,#pf49
48,#pf4a
49,#pf4b
50,#pf4c
51,#pf4d
52,#pf4e
53,#pf4f
54,#pf50
55,#pf51
56,#pf52
57,#pf53
58,#pf54
59,#pf55
60,#pf56
61,#pf57
62,#pf58
63,#pf5b
64,#pf5c
65,#pf5d
66,#pf5e
67,#pf5f
68,#pf60
69,#pf61
70,#pf62
71,#pf63
72,#pf64
73,#pf65
74,#pf66
75,#pf67
76,#pf68
77,#pf69
78,#pf6a
79,#pf6b
80,#pf6c
81,#pf6d
82,#pf6e
83,#pf6f
84,#pf70
85,#pf71
86,#pf72
87,#pf73
88,#pf74
89,#pf75
90,#pf76
91,#pf79
92,#pf7a
93,#pf7b
94,#pf7c
95,#pf7d
96,#pf7e
97,#pf7f
98,#pf80
99,#pf81
100,#pf82
101,#pf83
102,#pf84
103,#pf85
104,#pf86
105,#pf87
106,#pf88
107,#pf8b
108,#pf8c
109,#pf8d
110,#pf8e
111,#pf8f
112,#pf90
113,#pf91
114,#pf92
115,#pf93
116,#pf94
117,#pf95
118,#pf96
119,#pf97
120,#pf98
121,#pf99
122,#pf9a
123,#pf9b
124,#pf9c
125,#pf9d
126,#pf9e
127,#pf9f
128,#pfa0
129,#pfa1
130,#pfa2
131,#pfa3
132,#pfa4
133,#pfa5
134,#pfa6
135,#pfa7
136,#pfa8
137,#pfa9
138,#pfaa
139,#pfab
140,#pfac
141,#pfad
142,#pfae
143,#pfb1
144,#pfb2
145,#pfb3
146,#pfb4
147,#pfb5
148,#pfb6
149,#pfb7
150,#pfb8
